{
    "jcr:primaryType": "nt:unstructured",
    "jcr:createdBy": "admin",
    "jcr:title": "Core title",
    "imageFromPageImage": "false",
    "fileReference": "/content/dam/core-components-examples/library/sample-assets/lava-into-ocean.jpg",
    "pretitle": "Pretitle Core",
    "jcr:lastModifiedBy": "admin",
    "jcr:created": "Tue Feb 27 2024 14:01:32 GMT+0530",
    "titleFromPage": "false",
    "linkURL": "/content/amexx/language-masters/en/index/articles/ground-nuts",
    "jcr:description": "<p>Core Description</p>\r\n",
    "linkTarget": "_self",
    "jcr:lastModified": "Tue Feb 27 2024 14:05:17 GMT+0530",
    "descriptionFromPage": "false",
    "sling:resourceType": "amexx/components/teaser",
    "isDecorative": "false",
    "disableLazyLoading": "false",
    "textIsRich": "true",
    "altValueFromDAM": "true"
}