{
    
    "jcr:title": "Demo2",
    "imageFromPageImage": "false",
    "fileReference": "/content/dam/core-components-examples/library/sample-assets/mountain-range.jpg",
    "pretitle": "Pretitle",
    "jcr:lastModifiedBy": "admin",
    "jcr:created": "Thu Feb 22 2024 13:32:35 GMT+0530",
    "titleFromPage": "false",
    "alt": "Image Alt text",
    "linkURL": "/content/amexx/language-masters/en/index/articles/ground-nuts",
    "jcr:description": "<p>Ground Nuts are important protein crops in India grown mostly under rain-fed conditions.</p>\r\n",
   
    "jcr:lastModified": "Tue Feb 27 2024 13:39:39 GMT+0530",
    "descriptionFromPage": "false",
    "sling:resourceType": "amexx/components/nniTeaser",
    "isDecorative": "false",
    "disableLazyLoading": "false",
    "textIsRich": "true",
    "altValueFromDAM": "false",
    "actions": {
        "jcr:primaryType": "nt:unstructured",
        "item0": {
            "jcr:primaryType": "nt:unstructured",
            "link": "/content/amexx/language-masters/en/index/demo-page",
            "text": "Ground Nuts",
            "linkTarget": "_self"
        }
    }
}